{
	"format_version": "1.12.0",
	"minecraft:geometry": [
		{
			"description": {
				"identifier": "geometry.apollo_boss",
				"texture_width": 256,
				"texture_height": 256,
				"visible_bounds_width": 5,
				"visible_bounds_height": 8.5,
				"visible_bounds_offset": [0, 3.75, 0]
			},
			"bones": [
				{
					"name": "hat",
					"pivot": [0, 1, 0]
				},
				{
					"name": "hat_front",
					"parent": "hat",
					"pivot": [12.5, 76, -7.5],
					"cubes": [
						{"origin": [-15, 75.25, -10], "size": [30, 5, 5], "pivot": [12.5, 76, -7.5], "rotation": [20, 0, 0], "uv": [0, 139]},
						{"origin": [-15, 72.75, -12.5], "size": [30, 5, 5], "pivot": [12.5, 73.5, -10], "rotation": [40, 0, 0], "uv": [0, 159]},
						{"origin": [-15, 71.5, -12.5], "size": [30, 5, 5], "pivot": [12.5, 71, -10], "rotation": [80, 0, 0], "uv": [70, 162]}
					]
				},
				{
					"name": "hat_top",
					"parent": "hat",
					"pivot": [0, 1, 0],
					"cubes": [
						{"origin": [-1.25, 76, -7.5], "size": [16.25, 5, 20], "pivot": [12.5, 76, -5], "rotation": [0, 0, 5], "uv": [122, 86]},
						{"origin": [-13.75, 77, -7.5], "size": [16.25, 5, 20], "pivot": [0, 78.5, -5], "rotation": [0, 0, -3], "uv": [110, 137]}
					]
				},
				{
					"name": "hat_right",
					"parent": "hat",
					"pivot": [0, 1, 0],
					"cubes": [
						{"origin": [12.5, 75.25, -7.5], "size": [5, 5, 20], "pivot": [15, 76, -5], "rotation": [0, 0, 20], "uv": [138, 172]},
						{"origin": [15, 71, -7.5], "size": [5, 5, 20], "pivot": [17.5, 71, -5], "rotation": [0, 0, 80], "uv": [182, 137]},
						{"origin": [15, 72.75, -7.5], "size": [5, 5, 20], "pivot": [17.5, 73.5, -5], "rotation": [0, 0, 40], "uv": [180, 50]}
					]
				},
				{
					"name": "hat_left",
					"parent": "hat",
					"pivot": [0, 1, 0],
					"cubes": [
						{"origin": [-18, 75.25, -7.5], "size": [5, 5, 20], "pivot": [-15, 76, -5], "rotation": [0, 0, -20], "uv": [0, 179]},
						{"origin": [-20.75, 72.75, -7.5], "size": [5, 5, 20], "pivot": [-17.5, 73.5, -5], "rotation": [0, 0, -40], "uv": [180, 0]},
						{"origin": [-25, 71, -7.5], "size": [5, 5, 20], "pivot": [-20, 73.5, -5], "rotation": [0, 0, -80], "uv": [180, 25]}
					]
				},
				{
					"name": "hat_back",
					"parent": "hat",
					"pivot": [0, 1, 0],
					"cubes": [
						{"origin": [-15, 75.25, 10], "size": [30, 5, 5], "pivot": [12.5, 76, 12.5], "rotation": [-20, 0, 0], "uv": [0, 149]},
						{"origin": [-15, 72.75, 12.5], "size": [30, 5, 5], "pivot": [12.5, 73.5, 15], "rotation": [-40, 0, 0], "uv": [140, 162]},
						{"origin": [-15, 71, 12.5], "size": [30, 5, 5], "pivot": [12.5, 71, 15], "rotation": [-80, 0, 0], "uv": [0, 169]}
					]
				},
				{
					"name": "hat_edge",
					"parent": "hat",
					"pivot": [0, 1, 0]
				},
				{
					"name": "back_right",
					"parent": "hat_edge",
					"pivot": [0, 1, 0],
					"cubes": [
						{"origin": [14.25, 75.25, 12], "size": [3.75, 3.75, 3.75], "pivot": [15, 78.5, 15], "rotation": [-20, 0, 20], "uv": [234, 172]},
						{"origin": [17.75, 69, 9.5], "size": [3.75, 3.75, 7.5], "pivot": [17.5, 71, 12.5], "rotation": [0, -15.5, 0], "uv": [230, 21]},
						{"origin": [11.75, 72.25, 10.5], "size": [3.75, 4.25, 7.5], "pivot": [12.5, 73.5, 15], "rotation": [0, -90, 0], "uv": [0, 224]},
						{"origin": [13.75, 72.25, 10.5], "size": [4.25, 4.25, 4.25], "pivot": [15, 73.5, 15], "rotation": [0, -90, 0], "uv": [136, 232]},
						{"origin": [17, 72.25, 7], "size": [3, 4.25, 7.5], "pivot": [15, 73.5, 10], "rotation": [0, -6, 0], "uv": [20, 224]},
						{"origin": [15.25, 69, 10.5], "size": [3.75, 3.75, 7.5], "pivot": [15, 71, 15], "rotation": [0, -80, 0], "uv": [230, 31]}
					]
				},
				{
					"name": "back_left",
					"parent": "hat_edge",
					"pivot": [-5, 1, -5],
					"rotation": [0, -80, 0],
					"cubes": [
						{"origin": [9.75, 75.25, 7.5], "size": [3.75, 3.75, 3.75], "pivot": [10, 78.5, 10], "rotation": [-20, 0, 20], "uv": [180, 75]},
						{"origin": [13.75, 69, 4.75], "size": [3.75, 3.75, 7.5], "pivot": [12.5, 71, 7.5], "rotation": [0, -15.5, 0], "uv": [210, 162]},
						{"origin": [6.25, 72.25, 5], "size": [3.75, 4.25, 7.5], "pivot": [7.5, 73.5, 10], "rotation": [0, -98.5, 0], "uv": [212, 123]},
						{"origin": [9, 72.25, 5.5], "size": [4.25, 4.25, 4.25], "pivot": [10, 73.5, 10], "rotation": [0, -90, 0], "uv": [228, 206]},
						{"origin": [13, 72.25, 5], "size": [3, 4.25, 7.5], "pivot": [10, 73.5, 5], "rotation": [0, -6, 0], "uv": [218, 215]},
						{"origin": [10.75, 69, 5.25], "size": [3.75, 3.75, 7.5], "pivot": [10, 71, 10], "rotation": [0, -80, 0], "uv": [230, 11]}
					]
				},
				{
					"name": "front_right",
					"parent": "hat_edge",
					"pivot": [2.5, 1, 5],
					"rotation": [0, 85, 0],
					"cubes": [
						{"origin": [16.25, 74, 16], "size": [3.75, 3.75, 3.75], "pivot": [17.5, 78.5, 20], "rotation": [-20, 0, 20], "uv": [234, 178]},
						{"origin": [19, 69, 14], "size": [3.75, 3.75, 7.5], "pivot": [17.5, 71, 17.5], "rotation": [0, -8, 0], "uv": [230, 41]},
						{"origin": [13.25, 72.25, 15], "size": [3.75, 4.25, 7.5], "pivot": [15, 78.5, 20], "rotation": [0, -85, 0], "uv": [218, 226]},
						{"origin": [14.75, 72.25, 16], "size": [4.25, 4.25, 4.25], "pivot": [17.5, 73.5, 20], "rotation": [0, -90, 0], "uv": [232, 142]},
						{"origin": [17.5, 72.25, 12], "size": [3.75, 4.25, 7.5], "pivot": [17.5, 73.5, 15], "rotation": [0, 4, 0], "uv": [228, 195]},
						{"origin": [16.25, 69, 15.5], "size": [3.75, 3.75, 7.5], "pivot": [17.5, 71, 20], "rotation": [0, -85, 0], "uv": [230, 51]}
					]
				},
				{
					"name": "front_left",
					"parent": "hat_edge",
					"pivot": [0, 1, 5],
					"rotation": [0, 177.5, 0],
					"cubes": [
						{"origin": [14.25, 75.25, 16.25], "size": [3.75, 3.75, 3.75], "pivot": [15, 78.5, 20], "rotation": [-20, 0, 20], "uv": [234, 184]},
						{"origin": [17.75, 69, 14.5], "size": [3.75, 3.75, 7.5], "pivot": [17.5, 71, 17.5], "rotation": [0, -15.5, 0], "uv": [230, 61]},
						{"origin": [11.25, 72.25, 15.5], "size": [3.75, 4.25, 7.5], "pivot": [12.5, 73.5, 20], "rotation": [0, -90, 0], "uv": [40, 229]},
						{"origin": [12.5, 72.25, 16], "size": [4.25, 4.25, 4.25], "pivot": [15, 73.5, 20], "rotation": [0, -100, 0], "uv": [232, 150]},
						{"origin": [17, 72.25, 12], "size": [3, 4.25, 7.5], "pivot": [15, 73.5, 15], "rotation": [0, -6, 0], "uv": [230, 0]},
						{"origin": [15.25, 69, 15.5], "size": [3.75, 3.75, 7.5], "pivot": [15, 71, 20], "rotation": [0, -80, 0], "uv": [160, 230]}
					]
				},
				{
					"name": "ear_right",
					"parent": "hat",
					"pivot": [0, 1, 0],
					"cubes": [
						{"origin": [-8, 81.5, 0], "size": [5, 5, 5], "pivot": [-5, 81, 2.5], "rotation": [0, 0, -5], "uv": [230, 162]},
						{"origin": [-8.75, 84, 0], "size": [5, 10, 5], "pivot": [-5, 83.5, 2.5], "rotation": [0, 0, 4], "uv": [178, 215]},
						{"origin": [-7.5, 92.25, 0], "size": [5, 20, 5], "pivot": [-3.25381, 92.83434, 2.5], "rotation": [0, 0, -15], "uv": [50, 179]},
						{"origin": [-16.25, 93.5, 0], "size": [5, 17.5, 5], "pivot": [-13.25381, 92.83434, 2.5], "rotation": [0, 0, 5], "uv": [80, 214]},
						{"origin": [-11.25, 86, 0], "size": [5, 20, 5], "uv": [40, 204]},
						{"origin": [-12.5, 81, 0], "size": [5, 5, 5], "pivot": [-10, 81, 2.5], "rotation": [0, 0, -10], "uv": [180, 230]},
						{"origin": [-13.25, 86, 0], "size": [5, 10, 5], "pivot": [-10, 86, 2.5], "rotation": [0, 0, -18], "uv": [198, 215]}
					]
				},
				{
					"name": "ear_left",
					"parent": "hat",
					"pivot": [0, 1, 5],
					"rotation": [0, 180, 0],
					"cubes": [
						{"origin": [-8, 81.5, 5], "size": [5, 5, 5], "pivot": [-5, 81, 7.5], "rotation": [0, 0, -5], "uv": [232, 98]},
						{"origin": [-8.75, 84, 5], "size": [5, 10, 5], "pivot": [-5, 83.5, 7.5], "rotation": [0, 0, 4], "uv": [120, 217]},
						{"origin": [-7.5, 92.25, 5], "size": [5, 20, 5], "pivot": [-3.25381, 92.83434, 7.5], "rotation": [0, 0, -15], "uv": [212, 98]},
						{"origin": [-16.25, 93.5, 5], "size": [5, 17.5, 5], "pivot": [-13.25381, 92.83434, 7.5], "rotation": [0, 0, 5], "uv": [100, 214]},
						{"origin": [-11.25, 86, 5], "size": [5, 20, 5], "uv": [60, 214]},
						{"origin": [-12.5, 81, 5], "size": [5, 5, 5], "pivot": [-10, 81, 7.5], "rotation": [0, 0, -10], "uv": [232, 108]},
						{"origin": [-13.25, 86, 5], "size": [5, 10, 5], "pivot": [-10, 86, 7.5], "rotation": [0, 0, -18], "uv": [140, 217]}
					]
				},
				{
					"name": "head",
					"pivot": [0, 1, 0],
					"cubes": [
						{"origin": [-17.5, 51, -10], "size": [35, 22.5, 26.25], "uv": [0, 66]},
						{"origin": [17.5, 51, -10], "size": [3.75, 17.5, 26.25], "uv": [122, 0]},
						{"origin": [-21.25, 51, -10], "size": [3.75, 17.5, 26.25], "uv": [122, 43]}
					]
				},
				{
					"name": "body",
					"pivot": [0, -1.5, 0],
					"cubes": [
						{"origin": [-17.5, 8.5, -10], "size": [35, 40, 26.25], "uv": [0, 0]},
						{"origin": [-15, 6, -8.75], "size": [30, 2.5, 21.25], "uv": [110, 114]},
						{"origin": [-16.25, 48.5, -8.75], "size": [32.5, 2.5, 23.75], "uv": [0, 114]}
					]
				},
				{
					"name": "leg",
					"pivot": [0, -1.5, 0]
				},
				{
					"name": "leg_left",
					"parent": "leg",
					"pivot": [0, -1.5, 0],
					"cubes": [
						{"origin": [-15, -1.5, -2.5], "size": [10, 10, 10], "uv": [188, 195]}
					]
				},
				{
					"name": "leg_right",
					"parent": "leg",
					"pivot": [0, -1.5, 0],
					"cubes": [
						{"origin": [5, -1.5, -2.5], "size": [10, 10, 10], "uv": [70, 139]}
					]
				},
				{
					"name": "hand",
					"pivot": [0, -1.5, 0]
				},
				{
					"name": "hand_right",
					"parent": "hand",
					"pivot": [0, -1.5, 0]
				},
				{
					"name": "joint",
					"parent": "hand_right",
					"pivot": [0, -1.5, 0],
					"cubes": [
						{"origin": [15, 46, -7.5], "size": [5, 5, 18.75], "pivot": [17.5, 46, -5], "rotation": [0, 0, -10], "uv": [188, 172]},
						{"origin": [17.5, 43.5, -5], "size": [5, 5, 15], "pivot": [20, 43.5, -2.5], "rotation": [0, 0, 10], "uv": [138, 197]}
					]
				},
				{
					"name": "arm",
					"parent": "hand_right",
					"pivot": [0, -1.5, 0],
					"cubes": [
						{"origin": [18, 13.5, -2.5], "size": [7.5, 32.5, 10], "uv": [70, 172]},
						{"origin": [22.5, 8.5, 0], "size": [3.75, 7.5, 5], "uv": [194, 98]},
						{"origin": [18.75, 8.5, -3.75], "size": [3.75, 7.5, 5], "uv": [160, 217]},
						{"origin": [18.75, 8.5, 3.75], "size": [3.75, 7.5, 5], "uv": [200, 230]}
					]
				},
				{
					"name": "hand_left",
					"parent": "hand",
					"pivot": [0, -1.5, 0]
				},
				{
					"name": "joint2",
					"parent": "hand_left",
					"pivot": [0, -1.5, 0],
					"cubes": [
						{"origin": [-20, 46, -7.5], "size": [5, 5, 18.75], "pivot": [-17.5, 46, -5], "rotation": [0, 0, 10], "uv": [194, 75]},
						{"origin": [-22.5, 43.5, -5], "size": [5, 5, 15], "pivot": [-20, 43.5, -2.5], "rotation": [0, 0, -10], "uv": [0, 204]}
					]
				},
				{
					"name": "arm2",
					"parent": "hand_left",
					"pivot": [0, -1.5, 0],
					"cubes": [
						{"origin": [-25.5, 13.5, -2.5], "size": [7.5, 32.5, 10], "uv": [104, 172]},
						{"origin": [-26.25, 8.5, 0], "size": [3.75, 7.5, 5], "uv": [232, 118]},
						{"origin": [-22.5, 8.5, 3.75], "size": [3.75, 7.5, 5], "uv": [120, 232]},
						{"origin": [-22.5, 8.5, -3.75], "size": [3.75, 7.5, 5], "uv": [232, 130]}
					]
				}
			]
		}
	]
}