{
	"format_version": "1.12.0",
	"minecraft:geometry": [
		{
			"description": {
				"identifier": "geometry.unknown",
				"texture_width": 256,
				"texture_height": 256,
				"visible_bounds_width": 4,
				"visible_bounds_height": 5.5,
				"visible_bounds_offset": [0, 2.25, 0]
			},
			"bones": [
				{
					"name": "topleaf",
					"pivot": [0, 46, 1],
					"cubes": [
						{"origin": [-2, 57.57358, -0.18085], "size": [4, 1, 13], "pivot": [0, 57, 0], "rotation": [-67.5, 0, 0], "uv": [190, 80]},
						{"origin": [-2, 57.57358, -0.18085], "size": [4, 1, 13], "pivot": [0, 57, 0], "rotation": [-67.5, -37.5, 0], "uv": [190, 94]},
						{"origin": [-2, 57.57358, -0.18085], "size": [4, 1, 13], "pivot": [0, 57, 0], "rotation": [-67.5, -75, 0], "uv": [88, 197]},
						{"origin": [-2, 57.57358, -0.18085], "size": [4, 1, 13], "pivot": [0, 57, 0], "rotation": [-67.5, -112.5, 0], "uv": [122, 197]},
						{"origin": [-2, 57.57358, -0.18085], "size": [4, 1, 13], "pivot": [0, 57, 0], "rotation": [-67.5, -150, 0], "uv": [156, 197]},
						{"origin": [-2, 57.57358, -0.18085], "size": [4, 1, 13], "pivot": [0, 57, 0], "rotation": [-67.5, 172.5, 0], "uv": [190, 197]},
						{"origin": [-2, 57.57358, -0.18085], "size": [4, 1, 13], "pivot": [0, 57, 0], "rotation": [-67.5, 135, 0], "uv": [200, 146]},
						{"origin": [-2, 57.57358, -0.18085], "size": [4, 1, 13], "pivot": [0, 57, 0], "rotation": [-67.5, 97.5, 0], "uv": [200, 160]},
						{"origin": [-2, 57.57358, -0.18085], "size": [4, 1, 13], "pivot": [0, 57, 0], "rotation": [-67.5, 60, 0], "uv": [8, 206]},
						{"origin": [-2, 57.57358, -0.18085], "size": [4, 1, 13], "pivot": [0, 57, 0], "rotation": [-67.5, 32.5, 0], "uv": [42, 206]}
					]
				},
				{
					"name": "top-star",
					"parent": "topleaf",
					"pivot": [0, 60, 0]
				},
				{
					"name": "top-ornament-1",
					"parent": "topleaf",
					"pivot": [0, 52, 5]
				},
				{
					"name": "top-ornament-2",
					"parent": "topleaf",
					"pivot": [4, 51, -3]
				},
				{
					"name": "top-ornament-3",
					"parent": "topleaf",
					"pivot": [0, 52, -5]
				},
				{
					"name": "top-ornament-4",
					"parent": "topleaf",
					"pivot": [-4, 53, 1]
				},
				{
					"name": "bone",
					"pivot": [0, 46, 1],
					"cubes": [
						{"origin": [-1, 1, -1], "size": [2, 53, 2], "uv": [0, 154]}
					]
				},
				{
					"name": "midLeaf1",
					"pivot": [0, 46, 1],
					"cubes": [
						{"origin": [-3, 50, 1], "size": [6, 2, 14], "pivot": [0, 48, 0], "rotation": [-65, 0, 0], "uv": [104, 181]},
						{"origin": [-3, 50, 1], "size": [6, 2, 14], "pivot": [0, 48, 0], "rotation": [-65, -37.5, 0], "uv": [144, 181]},
						{"origin": [-3, 50, 1], "size": [6, 2, 14], "pivot": [0, 48, 0], "rotation": [-65, -75, 0], "uv": [184, 181]},
						{"origin": [-3, 50, 1], "size": [6, 2, 14], "pivot": [0, 48, 0], "rotation": [-65, -112.5, 0], "uv": [190, 0]},
						{"origin": [-3, 50, 1], "size": [6, 2, 14], "pivot": [0, 48, 0], "rotation": [-65, -147.5, 0], "uv": [8, 190]},
						{"origin": [-3, 50, 1], "size": [6, 2, 14], "pivot": [0, 48, 0], "rotation": [-65, 175, 0], "uv": [190, 16]},
						{"origin": [-3, 50, 1], "size": [6, 2, 14], "pivot": [0, 48, 0], "rotation": [-65, 137.5, 0], "uv": [190, 32]},
						{"origin": [-3, 50, 1], "size": [6, 2, 14], "pivot": [0, 48, 0], "rotation": [-65, 100, 0], "uv": [48, 190]},
						{"origin": [-3, 50, 1], "size": [6, 2, 14], "pivot": [0, 48, 0], "rotation": [-65, 67.5, 0], "uv": [190, 48]},
						{"origin": [-3, 50, 1], "size": [6, 2, 14], "pivot": [0, 48, 0], "rotation": [-65, 32.5, 0], "uv": [190, 64]}
					]
				},
				{
					"name": "midLeaf2",
					"pivot": [0, 46, 1],
					"cubes": [
						{"origin": [-4, 44, -3], "size": [8, 1, 21], "pivot": [0, 38, 0], "rotation": [-65, 0, 0], "uv": [0, 110]},
						{"origin": [-4, 44, -3], "size": [8, 1, 21], "pivot": [0, 38, 0], "rotation": [-65, -35, 0], "uv": [58, 110]},
						{"origin": [-4, 44, -3], "size": [8, 1, 21], "pivot": [0, 38, 0], "rotation": [-65, -67.5, 0], "uv": [116, 110]},
						{"origin": [-4, 44, -3], "size": [8, 1, 21], "pivot": [0, 38, 0], "rotation": [-65, -102.5, 0], "uv": [0, 132]},
						{"origin": [-4, 44, -3], "size": [8, 1, 21], "pivot": [0, 38, 0], "rotation": [-65, -135, 0], "uv": [132, 0]},
						{"origin": [-4, 44, -3], "size": [8, 1, 21], "pivot": [0, 38, 0], "rotation": [-65, -167.5, 0], "uv": [132, 22]},
						{"origin": [-4, 44, -3], "size": [8, 1, 21], "pivot": [0, 38, 0], "rotation": [-65, 160, 0], "uv": [132, 44]},
						{"origin": [-4, 44, -3], "size": [8, 1, 21], "pivot": [0, 38, 0], "rotation": [-65, 125, 0], "uv": [58, 132]},
						{"origin": [-4, 44, -3], "size": [8, 1, 21], "pivot": [0, 38, 0], "rotation": [-65, 90, 0], "uv": [132, 66]},
						{"origin": [-4, 44, -3], "size": [8, 1, 21], "pivot": [0, 38, 0], "rotation": [-65, 57.5, 0], "uv": [132, 88]},
						{"origin": [-4, 44, -3], "size": [8, 1, 21], "pivot": [0, 38, 0], "rotation": [-65, 30, 0], "uv": [116, 132]}
					]
				},
				{
					"name": "midLeaf3",
					"pivot": [0, 46, 1],
					"cubes": [
						{"origin": [-6, 35, 1], "size": [12, 1, 21], "pivot": [0, 25, 0], "rotation": [-67.5, 0, 0], "uv": [0, 0]},
						{"origin": [-6, 35, 1], "size": [12, 1, 21], "pivot": [0, 25, 0], "rotation": [-67.5, 37.5, 0], "uv": [0, 22]},
						{"origin": [-6, 35, 1], "size": [12, 1, 21], "pivot": [0, 25, 0], "rotation": [-67.5, 72.5, 0], "uv": [0, 44]},
						{"origin": [-6, 35, 1], "size": [12, 1, 21], "pivot": [0, 25, 0], "rotation": [-67.5, 107.5, 0], "uv": [0, 66]},
						{"origin": [-6, 35, 1], "size": [12, 1, 21], "pivot": [0, 25, 0], "rotation": [-67.5, 142.5, 0], "uv": [66, 0]},
						{"origin": [-6, 35, 1], "size": [12, 1, 21], "pivot": [0, 25, 0], "rotation": [-67.5, 177.5, 0], "uv": [66, 22]},
						{"origin": [-6, 35, 1], "size": [12, 1, 21], "pivot": [0, 25, 0], "rotation": [-67.5, -147.5, 0], "uv": [66, 44]},
						{"origin": [-6, 35, 1], "size": [12, 1, 21], "pivot": [0, 25, 0], "rotation": [-67.5, -112.5, 0], "uv": [66, 66]},
						{"origin": [-6, 35, 1], "size": [12, 1, 21], "pivot": [0, 25, 0], "rotation": [-67.5, -77.5, 0], "uv": [0, 88]},
						{"origin": [-6, 35, 1], "size": [12, 1, 21], "pivot": [0, 25, 0], "rotation": [-67.5, -40, 0], "uv": [66, 88]}
					]
				},
				{
					"name": "bottomLeaf",
					"pivot": [0, 46, 1],
					"cubes": [
						{"origin": [-17, 10, -4], "size": [16, 1, 8], "uv": [8, 154]},
						{"origin": [-17, 10, -4], "size": [16, 1, 8], "pivot": [0, 9, 0], "rotation": [0, -17.5, 0], "uv": [56, 154]},
						{"origin": [-17, 10, -4], "size": [16, 1, 8], "pivot": [0, 9, 0], "rotation": [0, -35, 0], "uv": [104, 154]},
						{"origin": [-17, 10, -4], "size": [16, 1, 8], "pivot": [0, 9, 0], "rotation": [0, -52.5, 0], "uv": [152, 154]},
						{"origin": [-17, 10, -4], "size": [16, 1, 8], "pivot": [0, 9, 0], "rotation": [0, -72.5, 0], "uv": [8, 163]},
						{"origin": [-17, 10, -4], "size": [16, 1, 8], "pivot": [0, 9, 0], "rotation": [0, -92.5, 0], "uv": [56, 163]},
						{"origin": [-17, 10, -4], "size": [16, 1, 8], "pivot": [0, 9, 0], "rotation": [0, -112.5, 0], "uv": [104, 163]},
						{"origin": [-17, 10, -4], "size": [16, 1, 8], "pivot": [0, 9, 0], "rotation": [0, -132.5, 0], "uv": [152, 163]},
						{"origin": [-17, 10, -4], "size": [16, 1, 8], "pivot": [0, 9, 0], "rotation": [0, -152.5, 0], "uv": [8, 172]},
						{"origin": [-17, 10, -4], "size": [16, 1, 8], "pivot": [0, 9, 0], "rotation": [0, -170, 0], "uv": [56, 172]},
						{"origin": [-17, 10, -4], "size": [16, 1, 8], "pivot": [0, 9, 0], "rotation": [0, 170, 0], "uv": [104, 172]},
						{"origin": [-17, 10, -4], "size": [16, 1, 8], "pivot": [0, 9, 0], "rotation": [0, 150, 0], "uv": [152, 172]},
						{"origin": [-17, 10, -4], "size": [16, 1, 8], "pivot": [0, 9, 0], "rotation": [0, 130, 0], "uv": [174, 110]},
						{"origin": [-17, 10, -4], "size": [16, 1, 8], "pivot": [0, 9, 0], "rotation": [0, 107.5, 0], "uv": [174, 119]},
						{"origin": [-17, 10, -4], "size": [16, 1, 8], "pivot": [0, 9, 0], "rotation": [0, 87.5, 0], "uv": [174, 128]},
						{"origin": [-17, 10, -4], "size": [16, 1, 8], "pivot": [0, 9, 0], "rotation": [0, 65, 0], "uv": [174, 137]},
						{"origin": [-17, 10, -4], "size": [16, 1, 8], "pivot": [0, 9, 0], "rotation": [0, 47.5, 0], "uv": [8, 181]},
						{"origin": [-17, 10, -4], "size": [16, 1, 8], "pivot": [0, 9, 0], "rotation": [0, 22.5, 0], "uv": [56, 181]}
					]
				}
			]
		}
	]
}