{
	"format_version": "1.18.1",
	"credit": "Made with Blockbench",
	"texture_size": [64, 64],
	"textures": {
		"0": "examplemod:items/apollo_chocolate",
		"particle": "examplemod:items/apollo_chocolate"
	},
	"elements": [
		{
			"from": [2, 2, 6],
			"to": [4, 4, 10],
			"rotation": {"angle": 0, "axis": "y", "origin": [3, 2, 7]},
			"faces": {
				"north": {"uv": [7, 6.5, 7.5, 7], "texture": "#0"},
				"east": {"uv": [6, 6.5, 7, 7], "texture": "#0"},
				"south": {"uv": [8.5, 6.5, 9, 7], "texture": "#0"},
				"west": {"uv": [7.5, 6.5, 8.5, 7], "texture": "#0"},
				"up": {"uv": [7.5, 6.5, 7, 5.5], "texture": "#0"},
				"down": {"uv": [8, 5.5, 7.5, 6.5], "texture": "#0"}
			}
		},
		{
			"from": [12, 2, 6],
			"to": [14, 4, 10],
			"rotation": {"angle": 0, "axis": "y", "origin": [13, 2, 7]},
			"faces": {
				"north": {"uv": [1, 8, 1.5, 8.5], "texture": "#0"},
				"east": {"uv": [0, 8, 1, 8.5], "texture": "#0"},
				"south": {"uv": [2.5, 8, 3, 8.5], "texture": "#0"},
				"west": {"uv": [1.5, 8, 2.5, 8.5], "texture": "#0"},
				"up": {"uv": [1.5, 8, 1, 7], "texture": "#0"},
				"down": {"uv": [2, 7, 1.5, 8], "texture": "#0"}
			}
		},
		{
			"from": [11, 4, 6],
			"to": [13, 6, 10],
			"rotation": {"angle": 0, "axis": "y", "origin": [12, 4, 7]},
			"faces": {
				"north": {"uv": [4, 8, 4.5, 8.5], "texture": "#0"},
				"east": {"uv": [3, 8, 4, 8.5], "texture": "#0"},
				"south": {"uv": [5.5, 8, 6, 8.5], "texture": "#0"},
				"west": {"uv": [4.5, 8, 5.5, 8.5], "texture": "#0"},
				"up": {"uv": [4.5, 8, 4, 7], "texture": "#0"},
				"down": {"uv": [5, 7, 4.5, 8], "texture": "#0"}
			}
		},
		{
			"from": [10, 6, 6],
			"to": [12, 8, 10],
			"rotation": {"angle": 0, "axis": "y", "origin": [11, 6, 7]},
			"faces": {
				"north": {"uv": [7, 8, 7.5, 8.5], "texture": "#0"},
				"east": {"uv": [6, 8, 7, 8.5], "texture": "#0"},
				"south": {"uv": [8.5, 8, 9, 8.5], "texture": "#0"},
				"west": {"uv": [7.5, 8, 8.5, 8.5], "texture": "#0"},
				"up": {"uv": [7.5, 8, 7, 7], "texture": "#0"},
				"down": {"uv": [8, 7, 7.5, 8], "texture": "#0"}
			}
		},
		{
			"from": [9, 8, 6],
			"to": [11, 10, 10],
			"rotation": {"angle": 0, "axis": "y", "origin": [10, 8, 7]},
			"faces": {
				"north": {"uv": [1, 9.5, 1.5, 10], "texture": "#0"},
				"east": {"uv": [0, 9.5, 1, 10], "texture": "#0"},
				"south": {"uv": [2.5, 9.5, 3, 10], "texture": "#0"},
				"west": {"uv": [1.5, 9.5, 2.5, 10], "texture": "#0"},
				"up": {"uv": [1.5, 9.5, 1, 8.5], "texture": "#0"},
				"down": {"uv": [2, 8.5, 1.5, 9.5], "texture": "#0"}
			}
		},
		{
			"from": [5, 8, 6],
			"to": [7, 10, 10],
			"rotation": {"angle": 0, "axis": "y", "origin": [6, 8, 7]},
			"faces": {
				"north": {"uv": [4, 9.5, 4.5, 10], "texture": "#0"},
				"east": {"uv": [3, 9.5, 4, 10], "texture": "#0"},
				"south": {"uv": [5.5, 9.5, 6, 10], "texture": "#0"},
				"west": {"uv": [4.5, 9.5, 5.5, 10], "texture": "#0"},
				"up": {"uv": [4.5, 9.5, 4, 8.5], "texture": "#0"},
				"down": {"uv": [5, 8.5, 4.5, 9.5], "texture": "#0"}
			}
		},
		{
			"from": [6, 10, 6],
			"to": [8, 12, 10],
			"rotation": {"angle": 0, "axis": "y", "origin": [7, 10, 7]},
			"faces": {
				"north": {"uv": [7, 9.5, 7.5, 10], "texture": "#0"},
				"east": {"uv": [6, 9.5, 7, 10], "texture": "#0"},
				"south": {"uv": [8.5, 9.5, 9, 10], "texture": "#0"},
				"west": {"uv": [7.5, 9.5, 8.5, 10], "texture": "#0"},
				"up": {"uv": [7.5, 9.5, 7, 8.5], "texture": "#0"},
				"down": {"uv": [8, 8.5, 7.5, 9.5], "texture": "#0"}
			}
		},
		{
			"from": [8, 10, 6],
			"to": [10, 12, 10],
			"rotation": {"angle": 0, "axis": "y", "origin": [9, 10, 7]},
			"faces": {
				"north": {"uv": [10, 6.5, 10.5, 7], "texture": "#0"},
				"east": {"uv": [9, 6.5, 10, 7], "texture": "#0"},
				"south": {"uv": [11.5, 6.5, 12, 7], "texture": "#0"},
				"west": {"uv": [10.5, 6.5, 11.5, 7], "texture": "#0"},
				"up": {"uv": [10.5, 6.5, 10, 5.5], "texture": "#0"},
				"down": {"uv": [11, 5.5, 10.5, 6.5], "texture": "#0"}
			}
		},
		{
			"from": [6, 8, 10],
			"to": [10, 10, 11],
			"rotation": {"angle": 0, "axis": "y", "origin": [7, 8, 11]},
			"faces": {
				"north": {"uv": [5.75, 10.25, 6.75, 10.75], "texture": "#0"},
				"east": {"uv": [5.5, 10.25, 5.75, 10.75], "texture": "#0"},
				"south": {"uv": [7, 10.25, 8, 10.75], "texture": "#0"},
				"west": {"uv": [6.75, 10.25, 7, 10.75], "texture": "#0"},
				"up": {"uv": [6.75, 10.25, 5.75, 10], "texture": "#0"},
				"down": {"uv": [7.75, 10, 6.75, 10.25], "texture": "#0"}
			}
		},
		{
			"from": [6, 8, 5],
			"to": [10, 10, 6],
			"rotation": {"angle": 0, "axis": "y", "origin": [7, 8, 6]},
			"faces": {
				"north": {"uv": [8.25, 10.75, 9.25, 11.25], "texture": "#0"},
				"east": {"uv": [8, 10.75, 8.25, 11.25], "texture": "#0"},
				"south": {"uv": [9.5, 10.75, 10.5, 11.25], "texture": "#0"},
				"west": {"uv": [9.25, 10.75, 9.5, 11.25], "texture": "#0"},
				"up": {"uv": [9.25, 10.75, 8.25, 10.5], "texture": "#0"},
				"down": {"uv": [10.25, 10.5, 9.25, 10.75], "texture": "#0"}
			}
		},
		{
			"from": [7, 8, 6],
			"to": [9, 10, 7],
			"rotation": {"angle": 0, "axis": "y", "origin": [8, 8, 7]},
			"faces": {
				"north": {"uv": [12.75, 10.25, 13.25, 10.75], "texture": "#0"},
				"east": {"uv": [12.5, 10.25, 12.75, 10.75], "texture": "#0"},
				"south": {"uv": [13.5, 10.25, 14, 10.75], "texture": "#0"},
				"west": {"uv": [13.25, 10.25, 13.5, 10.75], "texture": "#0"},
				"up": {"uv": [13.25, 10.25, 12.75, 10], "texture": "#0"},
				"down": {"uv": [13.75, 10, 13.25, 10.25], "texture": "#0"}
			}
		},
		{
			"from": [7, 8, 9],
			"to": [9, 10, 10],
			"rotation": {"angle": 0, "axis": "y", "origin": [8, 8, 10]},
			"faces": {
				"north": {"uv": [10.75, 12.75, 11.25, 13.25], "texture": "#0"},
				"east": {"uv": [10.5, 12.75, 10.75, 13.25], "texture": "#0"},
				"south": {"uv": [11.5, 12.75, 12, 13.25], "texture": "#0"},
				"west": {"uv": [11.25, 12.75, 11.5, 13.25], "texture": "#0"},
				"up": {"uv": [11.25, 12.75, 10.75, 12.5], "texture": "#0"},
				"down": {"uv": [11.75, 12.5, 11.25, 12.75], "texture": "#0"}
			}
		},
		{
			"from": [6, 2, 2],
			"to": [10, 4, 4],
			"rotation": {"angle": 0, "axis": "y", "origin": [7, 2, 3]},
			"faces": {
				"north": {"uv": [10.5, 0.5, 11.5, 1], "texture": "#0"},
				"east": {"uv": [10, 0.5, 10.5, 1], "texture": "#0"},
				"south": {"uv": [12, 0.5, 13, 1], "texture": "#0"},
				"west": {"uv": [11.5, 0.5, 12, 1], "texture": "#0"},
				"up": {"uv": [11.5, 0.5, 10.5, 0], "texture": "#0"},
				"down": {"uv": [12.5, 0, 11.5, 0.5], "texture": "#0"}
			}
		},
		{
			"from": [6, 2, 12],
			"to": [10, 4, 14],
			"rotation": {"angle": 0, "axis": "y", "origin": [7, 2, 13]},
			"faces": {
				"north": {"uv": [10.5, 1.5, 11.5, 2], "texture": "#0"},
				"east": {"uv": [10, 1.5, 10.5, 2], "texture": "#0"},
				"south": {"uv": [12, 1.5, 13, 2], "texture": "#0"},
				"west": {"uv": [11.5, 1.5, 12, 2], "texture": "#0"},
				"up": {"uv": [11.5, 1.5, 10.5, 1], "texture": "#0"},
				"down": {"uv": [12.5, 1, 11.5, 1.5], "texture": "#0"}
			}
		},
		{
			"from": [6, 4, 11],
			"to": [10, 6, 13],
			"rotation": {"angle": 0, "axis": "y", "origin": [7, 4, 12]},
			"faces": {
				"north": {"uv": [10.5, 2.5, 11.5, 3], "texture": "#0"},
				"east": {"uv": [10, 2.5, 10.5, 3], "texture": "#0"},
				"south": {"uv": [12, 2.5, 13, 3], "texture": "#0"},
				"west": {"uv": [11.5, 2.5, 12, 3], "texture": "#0"},
				"up": {"uv": [11.5, 2.5, 10.5, 2], "texture": "#0"},
				"down": {"uv": [12.5, 2, 11.5, 2.5], "texture": "#0"}
			}
		},
		{
			"from": [6, 6, 10],
			"to": [10, 8, 12],
			"rotation": {"angle": 0, "axis": "y", "origin": [7, 6, 11]},
			"faces": {
				"north": {"uv": [3, 10.5, 4, 11], "texture": "#0"},
				"east": {"uv": [2.5, 10.5, 3, 11], "texture": "#0"},
				"south": {"uv": [4.5, 10.5, 5.5, 11], "texture": "#0"},
				"west": {"uv": [4, 10.5, 4.5, 11], "texture": "#0"},
				"up": {"uv": [4, 10.5, 3, 10], "texture": "#0"},
				"down": {"uv": [5, 10, 4, 10.5], "texture": "#0"}
			}
		},
		{
			"from": [6, 4, 3],
			"to": [10, 6, 5],
			"rotation": {"angle": 0, "axis": "y", "origin": [7, 4, 4]},
			"faces": {
				"north": {"uv": [10.5, 3.5, 11.5, 4], "texture": "#0"},
				"east": {"uv": [10, 3.5, 10.5, 4], "texture": "#0"},
				"south": {"uv": [12, 3.5, 13, 4], "texture": "#0"},
				"west": {"uv": [11.5, 3.5, 12, 4], "texture": "#0"},
				"up": {"uv": [11.5, 3.5, 10.5, 3], "texture": "#0"},
				"down": {"uv": [12.5, 3, 11.5, 3.5], "texture": "#0"}
			}
		},
		{
			"from": [6, 6, 4],
			"to": [10, 8, 6],
			"rotation": {"angle": 0, "axis": "y", "origin": [7, 6, 5]},
			"faces": {
				"north": {"uv": [10.5, 4.5, 11.5, 5], "texture": "#0"},
				"east": {"uv": [10, 4.5, 10.5, 5], "texture": "#0"},
				"south": {"uv": [12, 4.5, 13, 5], "texture": "#0"},
				"west": {"uv": [11.5, 4.5, 12, 5], "texture": "#0"},
				"up": {"uv": [11.5, 4.5, 10.5, 4], "texture": "#0"},
				"down": {"uv": [12.5, 4, 11.5, 4.5], "texture": "#0"}
			}
		},
		{
			"from": [3, 4, 6],
			"to": [5, 6, 10],
			"rotation": {"angle": 0, "axis": "y", "origin": [4, 4, 7]},
			"faces": {
				"north": {"uv": [8, 1, 8.5, 1.5], "texture": "#0"},
				"east": {"uv": [7, 1, 8, 1.5], "texture": "#0"},
				"south": {"uv": [9.5, 1, 10, 1.5], "texture": "#0"},
				"west": {"uv": [8.5, 1, 9.5, 1.5], "texture": "#0"},
				"up": {"uv": [8.5, 1, 8, 0], "texture": "#0"},
				"down": {"uv": [9, 0, 8.5, 1], "texture": "#0"}
			}
		},
		{
			"from": [4, 6, 6],
			"to": [6, 8, 10],
			"rotation": {"angle": 0, "axis": "y", "origin": [5, 6, 7]},
			"faces": {
				"north": {"uv": [8, 2.5, 8.5, 3], "texture": "#0"},
				"east": {"uv": [7, 2.5, 8, 3], "texture": "#0"},
				"south": {"uv": [9.5, 2.5, 10, 3], "texture": "#0"},
				"west": {"uv": [8.5, 2.5, 9.5, 3], "texture": "#0"},
				"up": {"uv": [8.5, 2.5, 8, 1.5], "texture": "#0"},
				"down": {"uv": [9, 1.5, 8.5, 2.5], "texture": "#0"}
			}
		},
		{
			"from": [7, 12, 7],
			"to": [9, 14, 9],
			"rotation": {"angle": 0, "axis": "y", "origin": [8, 12, 8]},
			"faces": {
				"north": {"uv": [5, 12.25, 5.5, 12.75], "texture": "#0"},
				"east": {"uv": [4.5, 12.25, 5, 12.75], "texture": "#0"},
				"south": {"uv": [6, 12.25, 6.5, 12.75], "texture": "#0"},
				"west": {"uv": [5.5, 12.25, 6, 12.75], "texture": "#0"},
				"up": {"uv": [5.5, 12.25, 5, 11.75], "texture": "#0"},
				"down": {"uv": [6, 11.75, 5.5, 12.25], "texture": "#0"}
			}
		},
		{
			"from": [4, 2, 11],
			"to": [6, 4, 13],
			"rotation": {"angle": 0, "axis": "y", "origin": [5, 2, 12]},
			"faces": {
				"north": {"uv": [2.5, 12.5, 3, 13], "texture": "#0"},
				"east": {"uv": [2, 12.5, 2.5, 13], "texture": "#0"},
				"south": {"uv": [3.5, 12.5, 4, 13], "texture": "#0"},
				"west": {"uv": [3, 12.5, 3.5, 13], "texture": "#0"},
				"up": {"uv": [3, 12.5, 2.5, 12], "texture": "#0"},
				"down": {"uv": [3.5, 12, 3, 12.5], "texture": "#0"}
			}
		},
		{
			"from": [10, 2, 11],
			"to": [12, 4, 13],
			"rotation": {"angle": 0, "axis": "y", "origin": [11, 2, 12]},
			"faces": {
				"north": {"uv": [12.5, 5.5, 13, 6], "texture": "#0"},
				"east": {"uv": [12, 5.5, 12.5, 6], "texture": "#0"},
				"south": {"uv": [13.5, 5.5, 14, 6], "texture": "#0"},
				"west": {"uv": [13, 5.5, 13.5, 6], "texture": "#0"},
				"up": {"uv": [13, 5.5, 12.5, 5], "texture": "#0"},
				"down": {"uv": [13.5, 5, 13, 5.5], "texture": "#0"}
			}
		},
		{
			"from": [11, 2, 4],
			"to": [13, 4, 6],
			"rotation": {"angle": 0, "axis": "y", "origin": [12, 2, 5]},
			"faces": {
				"north": {"uv": [12.5, 6.5, 13, 7], "texture": "#0"},
				"east": {"uv": [12, 6.5, 12.5, 7], "texture": "#0"},
				"south": {"uv": [13.5, 6.5, 14, 7], "texture": "#0"},
				"west": {"uv": [13, 6.5, 13.5, 7], "texture": "#0"},
				"up": {"uv": [13, 6.5, 12.5, 6], "texture": "#0"},
				"down": {"uv": [13.5, 6, 13, 6.5], "texture": "#0"}
			}
		},
		{
			"from": [4, 2, 3],
			"to": [6, 4, 5],
			"rotation": {"angle": 0, "axis": "y", "origin": [5, 2, 4]},
			"faces": {
				"north": {"uv": [12.5, 7.5, 13, 8], "texture": "#0"},
				"east": {"uv": [12, 7.5, 12.5, 8], "texture": "#0"},
				"south": {"uv": [13.5, 7.5, 14, 8], "texture": "#0"},
				"west": {"uv": [13, 7.5, 13.5, 8], "texture": "#0"},
				"up": {"uv": [13, 7.5, 12.5, 7], "texture": "#0"},
				"down": {"uv": [13.5, 7, 13, 7.5], "texture": "#0"}
			}
		},
		{
			"from": [3, 2, 5],
			"to": [5, 4, 6],
			"rotation": {"angle": 0, "axis": "y", "origin": [4, 2, 6]},
			"faces": {
				"north": {"uv": [12.75, 11, 13.25, 11.5], "texture": "#0"},
				"east": {"uv": [12.5, 11, 12.75, 11.5], "texture": "#0"},
				"south": {"uv": [13.5, 11, 14, 11.5], "texture": "#0"},
				"west": {"uv": [13.25, 11, 13.5, 11.5], "texture": "#0"},
				"up": {"uv": [13.25, 11, 12.75, 10.75], "texture": "#0"},
				"down": {"uv": [13.75, 10.75, 13.25, 11], "texture": "#0"}
			}
		},
		{
			"from": [3, 2, 10],
			"to": [5, 4, 11],
			"rotation": {"angle": 0, "axis": "y", "origin": [4, 2, 11]},
			"faces": {
				"north": {"uv": [12.25, 12.75, 12.75, 13.25], "texture": "#0"},
				"east": {"uv": [12, 12.75, 12.25, 13.25], "texture": "#0"},
				"south": {"uv": [13, 12.75, 13.5, 13.25], "texture": "#0"},
				"west": {"uv": [12.75, 12.75, 13, 13.25], "texture": "#0"},
				"up": {"uv": [12.75, 12.75, 12.25, 12.5], "texture": "#0"},
				"down": {"uv": [13.25, 12.5, 12.75, 12.75], "texture": "#0"}
			}
		},
		{
			"from": [11, 2, 10],
			"to": [13, 4, 11],
			"rotation": {"angle": 0, "axis": "y", "origin": [12, 2, 11]},
			"faces": {
				"north": {"uv": [4.25, 13, 4.75, 13.5], "texture": "#0"},
				"east": {"uv": [4, 13, 4.25, 13.5], "texture": "#0"},
				"south": {"uv": [5, 13, 5.5, 13.5], "texture": "#0"},
				"west": {"uv": [4.75, 13, 5, 13.5], "texture": "#0"},
				"up": {"uv": [4.75, 13, 4.25, 12.75], "texture": "#0"},
				"down": {"uv": [5.25, 12.75, 4.75, 13], "texture": "#0"}
			}
		},
		{
			"from": [10, 2, 3],
			"to": [12, 4, 4],
			"rotation": {"angle": 0, "axis": "y", "origin": [11, 2, 4]},
			"faces": {
				"north": {"uv": [13.25, 0.25, 13.75, 0.75], "texture": "#0"},
				"east": {"uv": [13, 0.25, 13.25, 0.75], "texture": "#0"},
				"south": {"uv": [14, 0.25, 14.5, 0.75], "texture": "#0"},
				"west": {"uv": [13.75, 0.25, 14, 0.75], "texture": "#0"},
				"up": {"uv": [13.75, 0.25, 13.25, 0], "texture": "#0"},
				"down": {"uv": [14.25, 0, 13.75, 0.25], "texture": "#0"}
			}
		},
		{
			"from": [10, 2, 4],
			"to": [11, 4, 5],
			"rotation": {"angle": 0, "axis": "y", "origin": [11, 2, 5]},
			"faces": {
				"north": {"uv": [2.25, 13.25, 2.5, 13.75], "texture": "#0"},
				"east": {"uv": [2, 13.25, 2.25, 13.75], "texture": "#0"},
				"south": {"uv": [2.75, 13.25, 3, 13.75], "texture": "#0"},
				"west": {"uv": [2.5, 13.25, 2.75, 13.75], "texture": "#0"},
				"up": {"uv": [2.5, 13.25, 2.25, 13], "texture": "#0"},
				"down": {"uv": [2.75, 13, 2.5, 13.25], "texture": "#0"}
			}
		},
		{
			"from": [3, 2, 4],
			"to": [4, 4, 5],
			"rotation": {"angle": 0, "axis": "y", "origin": [4, 2, 5]},
			"faces": {
				"north": {"uv": [13.25, 2.5, 13.5, 3], "texture": "#0"},
				"east": {"uv": [13, 2.5, 13.25, 3], "texture": "#0"},
				"south": {"uv": [13.75, 2.5, 14, 3], "texture": "#0"},
				"west": {"uv": [13.5, 2.5, 13.75, 3], "texture": "#0"},
				"up": {"uv": [13.5, 2.5, 13.25, 2.25], "texture": "#0"},
				"down": {"uv": [13.75, 2.25, 13.5, 2.5], "texture": "#0"}
			}
		},
		{
			"from": [3, 2, 11],
			"to": [4, 4, 12],
			"rotation": {"angle": 0, "axis": "y", "origin": [4, 2, 12]},
			"faces": {
				"north": {"uv": [3.25, 13.25, 3.5, 13.75], "texture": "#0"},
				"east": {"uv": [3, 13.25, 3.25, 13.75], "texture": "#0"},
				"south": {"uv": [3.75, 13.25, 4, 13.75], "texture": "#0"},
				"west": {"uv": [3.5, 13.25, 3.75, 13.75], "texture": "#0"},
				"up": {"uv": [3.5, 13.25, 3.25, 13], "texture": "#0"},
				"down": {"uv": [3.75, 13, 3.5, 13.25], "texture": "#0"}
			}
		},
		{
			"from": [12, 2, 11],
			"to": [13, 4, 12],
			"rotation": {"angle": 0, "axis": "y", "origin": [13, 2, 12]},
			"faces": {
				"north": {"uv": [13.25, 3.25, 13.5, 3.75], "texture": "#0"},
				"east": {"uv": [13, 3.25, 13.25, 3.75], "texture": "#0"},
				"south": {"uv": [13.75, 3.25, 14, 3.75], "texture": "#0"},
				"west": {"uv": [13.5, 3.25, 13.75, 3.75], "texture": "#0"},
				"up": {"uv": [13.5, 3.25, 13.25, 3], "texture": "#0"},
				"down": {"uv": [13.75, 3, 13.5, 3.25], "texture": "#0"}
			}
		},
		{
			"from": [4, 4, 10],
			"to": [6, 6, 12],
			"rotation": {"angle": 0, "axis": "y", "origin": [5, 4, 11]},
			"faces": {
				"north": {"uv": [12.5, 8.5, 13, 9], "texture": "#0"},
				"east": {"uv": [12, 8.5, 12.5, 9], "texture": "#0"},
				"south": {"uv": [13.5, 8.5, 14, 9], "texture": "#0"},
				"west": {"uv": [13, 8.5, 13.5, 9], "texture": "#0"},
				"up": {"uv": [13, 8.5, 12.5, 8], "texture": "#0"},
				"down": {"uv": [13.5, 8, 13, 8.5], "texture": "#0"}
			}
		},
		{
			"from": [10, 4, 10],
			"to": [12, 6, 12],
			"rotation": {"angle": 0, "axis": "y", "origin": [11, 4, 11]},
			"faces": {
				"north": {"uv": [7, 12.75, 7.5, 13.25], "texture": "#0"},
				"east": {"uv": [6.5, 12.75, 7, 13.25], "texture": "#0"},
				"south": {"uv": [8, 12.75, 8.5, 13.25], "texture": "#0"},
				"west": {"uv": [7.5, 12.75, 8, 13.25], "texture": "#0"},
				"up": {"uv": [7.5, 12.75, 7, 12.25], "texture": "#0"},
				"down": {"uv": [8, 12.25, 7.5, 12.75], "texture": "#0"}
			}
		},
		{
			"from": [10, 4, 4],
			"to": [12, 6, 6],
			"rotation": {"angle": 0, "axis": "y", "origin": [11, 4, 5]},
			"faces": {
				"north": {"uv": [0.5, 13, 1, 13.5], "texture": "#0"},
				"east": {"uv": [0, 13, 0.5, 13.5], "texture": "#0"},
				"south": {"uv": [1.5, 13, 2, 13.5], "texture": "#0"},
				"west": {"uv": [1, 13, 1.5, 13.5], "texture": "#0"},
				"up": {"uv": [1, 13, 0.5, 12.5], "texture": "#0"},
				"down": {"uv": [1.5, 12.5, 1, 13], "texture": "#0"}
			}
		},
		{
			"from": [4, 4, 4],
			"to": [6, 6, 6],
			"rotation": {"angle": 0, "axis": "y", "origin": [5, 4, 5]},
			"faces": {
				"north": {"uv": [9, 13, 9.5, 13.5], "texture": "#0"},
				"east": {"uv": [8.5, 13, 9, 13.5], "texture": "#0"},
				"south": {"uv": [10, 13, 10.5, 13.5], "texture": "#0"},
				"west": {"uv": [9.5, 13, 10, 13.5], "texture": "#0"},
				"up": {"uv": [9.5, 13, 9, 12.5], "texture": "#0"},
				"down": {"uv": [10, 12.5, 9.5, 13], "texture": "#0"}
			}
		},
		{
			"from": [10, 6, 10],
			"to": [11, 8, 11],
			"rotation": {"angle": 0, "axis": "y", "origin": [11, 6, 11]},
			"faces": {
				"north": {"uv": [13.25, 4, 13.5, 4.5], "texture": "#0"},
				"east": {"uv": [13, 4, 13.25, 4.5], "texture": "#0"},
				"south": {"uv": [13.75, 4, 14, 4.5], "texture": "#0"},
				"west": {"uv": [13.5, 4, 13.75, 4.5], "texture": "#0"},
				"up": {"uv": [13.5, 4, 13.25, 3.75], "texture": "#0"},
				"down": {"uv": [13.75, 3.75, 13.5, 4], "texture": "#0"}
			}
		},
		{
			"from": [10, 6, 5],
			"to": [11, 8, 6],
			"rotation": {"angle": 0, "axis": "y", "origin": [11, 6, 6]},
			"faces": {
				"north": {"uv": [6.75, 13.5, 7, 14], "texture": "#0"},
				"east": {"uv": [6.5, 13.5, 6.75, 14], "texture": "#0"},
				"south": {"uv": [7.25, 13.5, 7.5, 14], "texture": "#0"},
				"west": {"uv": [7, 13.5, 7.25, 14], "texture": "#0"},
				"up": {"uv": [7, 13.5, 6.75, 13.25], "texture": "#0"},
				"down": {"uv": [7.25, 13.25, 7, 13.5], "texture": "#0"}
			}
		},
		{
			"from": [5, 6, 5],
			"to": [6, 8, 6],
			"rotation": {"angle": 0, "axis": "y", "origin": [6, 6, 6]},
			"faces": {
				"north": {"uv": [7.75, 13.5, 8, 14], "texture": "#0"},
				"east": {"uv": [7.5, 13.5, 7.75, 14], "texture": "#0"},
				"south": {"uv": [8.25, 13.5, 8.5, 14], "texture": "#0"},
				"west": {"uv": [8, 13.5, 8.25, 14], "texture": "#0"},
				"up": {"uv": [8, 13.5, 7.75, 13.25], "texture": "#0"},
				"down": {"uv": [8.25, 13.25, 8, 13.5], "texture": "#0"}
			}
		},
		{
			"from": [5, 6, 10],
			"to": [6, 8, 11],
			"rotation": {"angle": 0, "axis": "y", "origin": [6, 6, 11]},
			"faces": {
				"north": {"uv": [10.75, 13.5, 11, 14], "texture": "#0"},
				"east": {"uv": [10.5, 13.5, 10.75, 14], "texture": "#0"},
				"south": {"uv": [11.25, 13.5, 11.5, 14], "texture": "#0"},
				"west": {"uv": [11, 13.5, 11.25, 14], "texture": "#0"},
				"up": {"uv": [11, 13.5, 10.75, 13.25], "texture": "#0"},
				"down": {"uv": [11.25, 13.25, 11, 13.5], "texture": "#0"}
			}
		},
		{
			"from": [13, 0, 6],
			"to": [15, 2, 10],
			"rotation": {"angle": 0, "axis": "y", "origin": [14, 0, 7]},
			"faces": {
				"north": {"uv": [1, 6.5, 1.5, 7], "texture": "#0"},
				"east": {"uv": [0, 6.5, 1, 7], "texture": "#0"},
				"south": {"uv": [2.5, 6.5, 3, 7], "texture": "#0"},
				"west": {"uv": [1.5, 6.5, 2.5, 7], "texture": "#0"},
				"up": {"uv": [1.5, 6.5, 1, 5.5], "texture": "#0"},
				"down": {"uv": [2, 5.5, 1.5, 6.5], "texture": "#0"}
			}
		},
		{
			"from": [1, 0, 6],
			"to": [3, 2, 10],
			"rotation": {"angle": 0, "axis": "y", "origin": [2, 0, 7]},
			"faces": {
				"north": {"uv": [4, 6.5, 4.5, 7], "texture": "#0"},
				"east": {"uv": [3, 6.5, 4, 7], "texture": "#0"},
				"south": {"uv": [5.5, 6.5, 6, 7], "texture": "#0"},
				"west": {"uv": [4.5, 6.5, 5.5, 7], "texture": "#0"},
				"up": {"uv": [4.5, 6.5, 4, 5.5], "texture": "#0"},
				"down": {"uv": [5, 5.5, 4.5, 6.5], "texture": "#0"}
			}
		},
		{
			"from": [6, 0, 1],
			"to": [10, 2, 3],
			"rotation": {"angle": 0, "axis": "y", "origin": [7, 0, 2]},
			"faces": {
				"north": {"uv": [9.5, 7.5, 10.5, 8], "texture": "#0"},
				"east": {"uv": [9, 7.5, 9.5, 8], "texture": "#0"},
				"south": {"uv": [11, 7.5, 12, 8], "texture": "#0"},
				"west": {"uv": [10.5, 7.5, 11, 8], "texture": "#0"},
				"up": {"uv": [10.5, 7.5, 9.5, 7], "texture": "#0"},
				"down": {"uv": [11.5, 7, 10.5, 7.5], "texture": "#0"}
			}
		},
		{
			"from": [6, 0, 13],
			"to": [10, 2, 15],
			"rotation": {"angle": 0, "axis": "y", "origin": [7, 0, 14]},
			"faces": {
				"north": {"uv": [9.5, 8.5, 10.5, 9], "texture": "#0"},
				"east": {"uv": [9, 8.5, 9.5, 9], "texture": "#0"},
				"south": {"uv": [11, 8.5, 12, 9], "texture": "#0"},
				"west": {"uv": [10.5, 8.5, 11, 9], "texture": "#0"},
				"up": {"uv": [10.5, 8.5, 9.5, 8], "texture": "#0"},
				"down": {"uv": [11.5, 8, 10.5, 8.5], "texture": "#0"}
			}
		},
		{
			"from": [10, 0, 2],
			"to": [12, 2, 4],
			"rotation": {"angle": 0, "axis": "y", "origin": [11, 0, 3]},
			"faces": {
				"north": {"uv": [11, 11, 11.5, 11.5], "texture": "#0"},
				"east": {"uv": [10.5, 11, 11, 11.5], "texture": "#0"},
				"south": {"uv": [12, 11, 12.5, 11.5], "texture": "#0"},
				"west": {"uv": [11.5, 11, 12, 11.5], "texture": "#0"},
				"up": {"uv": [11.5, 11, 11, 10.5], "texture": "#0"},
				"down": {"uv": [12, 10.5, 11.5, 11], "texture": "#0"}
			}
		},
		{
			"from": [12, 0, 4],
			"to": [14, 2, 6],
			"rotation": {"angle": 0, "axis": "y", "origin": [13, 0, 5]},
			"faces": {
				"north": {"uv": [6, 11.25, 6.5, 11.75], "texture": "#0"},
				"east": {"uv": [5.5, 11.25, 6, 11.75], "texture": "#0"},
				"south": {"uv": [7, 11.25, 7.5, 11.75], "texture": "#0"},
				"west": {"uv": [6.5, 11.25, 7, 11.75], "texture": "#0"},
				"up": {"uv": [6.5, 11.25, 6, 10.75], "texture": "#0"},
				"down": {"uv": [7, 10.75, 6.5, 11.25], "texture": "#0"}
			}
		},
		{
			"from": [12, 0, 10],
			"to": [14, 2, 12],
			"rotation": {"angle": 0, "axis": "y", "origin": [13, 0, 11]},
			"faces": {
				"north": {"uv": [3, 11.5, 3.5, 12], "texture": "#0"},
				"east": {"uv": [2.5, 11.5, 3, 12], "texture": "#0"},
				"south": {"uv": [4, 11.5, 4.5, 12], "texture": "#0"},
				"west": {"uv": [3.5, 11.5, 4, 12], "texture": "#0"},
				"up": {"uv": [3.5, 11.5, 3, 11], "texture": "#0"},
				"down": {"uv": [4, 11, 3.5, 11.5], "texture": "#0"}
			}
		},
		{
			"from": [10, 0, 12],
			"to": [12, 2, 14],
			"rotation": {"angle": 0, "axis": "y", "origin": [11, 0, 13]},
			"faces": {
				"north": {"uv": [8, 11.75, 8.5, 12.25], "texture": "#0"},
				"east": {"uv": [7.5, 11.75, 8, 12.25], "texture": "#0"},
				"south": {"uv": [9, 11.75, 9.5, 12.25], "texture": "#0"},
				"west": {"uv": [8.5, 11.75, 9, 12.25], "texture": "#0"},
				"up": {"uv": [8.5, 11.75, 8, 11.25], "texture": "#0"},
				"down": {"uv": [9, 11.25, 8.5, 11.75], "texture": "#0"}
			}
		},
		{
			"from": [4, 0, 12],
			"to": [6, 2, 14],
			"rotation": {"angle": 0, "axis": "y", "origin": [5, 0, 13]},
			"faces": {
				"north": {"uv": [0.5, 12, 1, 12.5], "texture": "#0"},
				"east": {"uv": [0, 12, 0.5, 12.5], "texture": "#0"},
				"south": {"uv": [1.5, 12, 2, 12.5], "texture": "#0"},
				"west": {"uv": [1, 12, 1.5, 12.5], "texture": "#0"},
				"up": {"uv": [1, 12, 0.5, 11.5], "texture": "#0"},
				"down": {"uv": [1.5, 11.5, 1, 12], "texture": "#0"}
			}
		},
		{
			"from": [4, 0, 2],
			"to": [6, 2, 4],
			"rotation": {"angle": 0, "axis": "y", "origin": [5, 0, 3]},
			"faces": {
				"north": {"uv": [12, 9.5, 12.5, 10], "texture": "#0"},
				"east": {"uv": [11.5, 9.5, 12, 10], "texture": "#0"},
				"south": {"uv": [13, 9.5, 13.5, 10], "texture": "#0"},
				"west": {"uv": [12.5, 9.5, 13, 10], "texture": "#0"},
				"up": {"uv": [12.5, 9.5, 12, 9], "texture": "#0"},
				"down": {"uv": [13, 9, 12.5, 9.5], "texture": "#0"}
			}
		},
		{
			"from": [2, 0, 4],
			"to": [4, 2, 6],
			"rotation": {"angle": 0, "axis": "y", "origin": [3, 0, 5]},
			"faces": {
				"north": {"uv": [10, 12, 10.5, 12.5], "texture": "#0"},
				"east": {"uv": [9.5, 12, 10, 12.5], "texture": "#0"},
				"south": {"uv": [11, 12, 11.5, 12.5], "texture": "#0"},
				"west": {"uv": [10.5, 12, 11, 12.5], "texture": "#0"},
				"up": {"uv": [10.5, 12, 10, 11.5], "texture": "#0"},
				"down": {"uv": [11, 11.5, 10.5, 12], "texture": "#0"}
			}
		},
		{
			"from": [2, 0, 10],
			"to": [4, 2, 12],
			"rotation": {"angle": 0, "axis": "y", "origin": [3, 0, 11]},
			"faces": {
				"north": {"uv": [12, 12, 12.5, 12.5], "texture": "#0"},
				"east": {"uv": [11.5, 12, 12, 12.5], "texture": "#0"},
				"south": {"uv": [13, 12, 13.5, 12.5], "texture": "#0"},
				"west": {"uv": [12.5, 12, 13, 12.5], "texture": "#0"},
				"up": {"uv": [12.5, 12, 12, 11.5], "texture": "#0"},
				"down": {"uv": [13, 11.5, 12.5, 12], "texture": "#0"}
			}
		},
		{
			"from": [3, 0, 3],
			"to": [4, 2, 4],
			"rotation": {"angle": 0, "axis": "y", "origin": [4, 0, 4]},
			"faces": {
				"north": {"uv": [4.75, 11.25, 5, 11.75], "texture": "#0"},
				"east": {"uv": [4.5, 11.25, 4.75, 11.75], "texture": "#0"},
				"south": {"uv": [5.25, 11.25, 5.5, 11.75], "texture": "#0"},
				"west": {"uv": [5, 11.25, 5.25, 11.75], "texture": "#0"},
				"up": {"uv": [5, 11.25, 4.75, 11], "texture": "#0"},
				"down": {"uv": [5.25, 11, 5, 11.25], "texture": "#0"}
			}
		},
		{
			"from": [3, 0, 12],
			"to": [4, 2, 13],
			"rotation": {"angle": 0, "axis": "y", "origin": [4, 0, 13]},
			"faces": {
				"north": {"uv": [5.75, 13, 6, 13.5], "texture": "#0"},
				"east": {"uv": [5.5, 13, 5.75, 13.5], "texture": "#0"},
				"south": {"uv": [6.25, 13, 6.5, 13.5], "texture": "#0"},
				"west": {"uv": [6, 13, 6.25, 13.5], "texture": "#0"},
				"up": {"uv": [6, 13, 5.75, 12.75], "texture": "#0"},
				"down": {"uv": [6.25, 12.75, 6, 13], "texture": "#0"}
			}
		},
		{
			"from": [12, 0, 12],
			"to": [13, 2, 13],
			"rotation": {"angle": 0, "axis": "y", "origin": [13, 0, 13]},
			"faces": {
				"north": {"uv": [13.25, 1, 13.5, 1.5], "texture": "#0"},
				"east": {"uv": [13, 1, 13.25, 1.5], "texture": "#0"},
				"south": {"uv": [13.75, 1, 14, 1.5], "texture": "#0"},
				"west": {"uv": [13.5, 1, 13.75, 1.5], "texture": "#0"},
				"up": {"uv": [13.5, 1, 13.25, 0.75], "texture": "#0"},
				"down": {"uv": [13.75, 0.75, 13.5, 1], "texture": "#0"}
			}
		},
		{
			"from": [12, 0, 3],
			"to": [13, 2, 4],
			"rotation": {"angle": 0, "axis": "y", "origin": [13, 0, 4]},
			"faces": {
				"north": {"uv": [13.25, 1.75, 13.5, 2.25], "texture": "#0"},
				"east": {"uv": [13, 1.75, 13.25, 2.25], "texture": "#0"},
				"south": {"uv": [13.75, 1.75, 14, 2.25], "texture": "#0"},
				"west": {"uv": [13.5, 1.75, 13.75, 2.25], "texture": "#0"},
				"up": {"uv": [13.5, 1.75, 13.25, 1.5], "texture": "#0"},
				"down": {"uv": [13.75, 1.5, 13.5, 1.75], "texture": "#0"}
			}
		},
		{
			"from": [6, 0, 3],
			"to": [10, 2, 13],
			"rotation": {"angle": 0, "axis": "y", "origin": [7, 0, 4]},
			"faces": {
				"north": {"uv": [2.5, 2.5, 3.5, 3], "texture": "#0"},
				"east": {"uv": [0, 2.5, 2.5, 3], "texture": "#0"},
				"south": {"uv": [6, 2.5, 7, 3], "texture": "#0"},
				"west": {"uv": [3.5, 2.5, 6, 3], "texture": "#0"},
				"up": {"uv": [3.5, 2.5, 2.5, 0], "texture": "#0"},
				"down": {"uv": [4.5, 0, 3.5, 2.5], "texture": "#0"}
			}
		},
		{
			"from": [4, 0, 4],
			"to": [6, 2, 12],
			"rotation": {"angle": 0, "axis": "y", "origin": [5, 0, 5]},
			"faces": {
				"north": {"uv": [2, 5, 2.5, 5.5], "texture": "#0"},
				"east": {"uv": [0, 5, 2, 5.5], "texture": "#0"},
				"south": {"uv": [4.5, 5, 5, 5.5], "texture": "#0"},
				"west": {"uv": [2.5, 5, 4.5, 5.5], "texture": "#0"},
				"up": {"uv": [2.5, 5, 2, 3], "texture": "#0"},
				"down": {"uv": [3, 3, 2.5, 5], "texture": "#0"}
			}
		},
		{
			"from": [10, 0, 4],
			"to": [12, 2, 12],
			"rotation": {"angle": 0, "axis": "y", "origin": [11, 0, 5]},
			"faces": {
				"north": {"uv": [7, 5, 7.5, 5.5], "texture": "#0"},
				"east": {"uv": [5, 5, 7, 5.5], "texture": "#0"},
				"south": {"uv": [9.5, 5, 10, 5.5], "texture": "#0"},
				"west": {"uv": [7.5, 5, 9.5, 5.5], "texture": "#0"},
				"up": {"uv": [7.5, 5, 7, 3], "texture": "#0"},
				"down": {"uv": [8, 3, 7.5, 5], "texture": "#0"}
			}
		},
		{
			"from": [3, 0, 6],
			"to": [4, 2, 10],
			"rotation": {"angle": 0, "axis": "y", "origin": [4, 0, 7]},
			"faces": {
				"north": {"uv": [10, 10, 10.25, 10.5], "texture": "#0"},
				"east": {"uv": [9, 10, 10, 10.5], "texture": "#0"},
				"south": {"uv": [11.25, 10, 11.5, 10.5], "texture": "#0"},
				"west": {"uv": [10.25, 10, 11.25, 10.5], "texture": "#0"},
				"up": {"uv": [10.25, 10, 10, 9], "texture": "#0"},
				"down": {"uv": [10.5, 9, 10.25, 10], "texture": "#0"}
			}
		},
		{
			"from": [12, 0, 6],
			"to": [13, 2, 10],
			"rotation": {"angle": 0, "axis": "y", "origin": [13, 0, 7]},
			"faces": {
				"north": {"uv": [1, 11, 1.25, 11.5], "texture": "#0"},
				"east": {"uv": [0, 11, 1, 11.5], "texture": "#0"},
				"south": {"uv": [2.25, 11, 2.5, 11.5], "texture": "#0"},
				"west": {"uv": [1.25, 11, 2.25, 11.5], "texture": "#0"},
				"up": {"uv": [1.25, 11, 1, 10], "texture": "#0"},
				"down": {"uv": [1.5, 10, 1.25, 11], "texture": "#0"}
			}
		}
	],
	"groups": [
		{
			"name": "all",
			"origin": [7, 8, 11],
			"color": 0,
			"children": [
				0,
				1,
				2,
				3,
				4,
				5,
				6,
				7,
				8,
				9,
				10,
				11,
				12,
				13,
				14,
				15,
				16,
				17,
				18,
				19,
				20,
				21,
				22,
				23,
				24,
				25,
				26,
				27,
				28,
				29,
				30,
				31,
				32,
				33,
				34,
				35,
				36,
				37,
				38,
				39,
				40,
				{
					"name": "base",
					"origin": [3, 2, 7],
					"color": 0,
					"children": [41, 42, 43, 44, 45, 46, 47, 48, 49, 50, 51, 52, 53, 54, 55, 56, 57, 58, 59, 60, 61]
				}
			]
		}
	]
}