{
	"format_version": "1.21.6",
	"credit": "Made with Blockbench",
	"texture_size": [64, 64],
	"textures": {
		"0": "examplemod:blocks/christmas_tree_base",
		"particle": "examplemod:blocks/christmas_tree_base"
	},
	"elements": [
		{
			"from": [0, 0, 0],
			"to": [16, 2, 16],
			"faces": {
				"north": {"uv": [7.5, 5, 11.5, 5.5], "texture": "#0"},
				"east": {"uv": [7.5, 5.5, 11.5, 6], "texture": "#0"},
				"south": {"uv": [7.5, 6, 11.5, 6.5], "texture": "#0"},
				"west": {"uv": [7.5, 6.5, 11.5, 7], "texture": "#0"},
				"up": {"uv": [4, 4, 0, 0], "texture": "#0"},
				"down": {"uv": [4, 4, 0, 8], "texture": "#0"}
			}
		},
		{
			"from": [1, 2, 1],
			"to": [15, 3, 15],
			"rotation": {"angle": 0, "axis": "y", "origin": [0, 2, 0]},
			"faces": {
				"north": {"uv": [0, 8, 3.5, 8.25], "texture": "#0"},
				"east": {"uv": [0, 8.25, 3.5, 8.5], "texture": "#0"},
				"south": {"uv": [0, 8.5, 3.5, 8.75], "texture": "#0"},
				"west": {"uv": [0, 8.75, 3.5, 9], "texture": "#0"},
				"up": {"uv": [7.5, 3.5, 4, 0], "texture": "#0"},
				"down": {"uv": [7.5, 3.5, 4, 7], "texture": "#0"}
			}
		},
		{
			"from": [2, 3, 2],
			"to": [14, 4, 14],
			"rotation": {"angle": 0, "axis": "y", "origin": [0, 3, 0]},
			"faces": {
				"north": {"uv": [0, 9, 3, 9.25], "texture": "#0"},
				"east": {"uv": [0, 9.25, 3, 9.5], "texture": "#0"},
				"south": {"uv": [0, 9.5, 3, 9.75], "texture": "#0"},
				"west": {"uv": [0, 9.75, 3, 10], "texture": "#0"},
				"up": {"uv": [7, 10, 4, 7], "texture": "#0"},
				"down": {"uv": [10, 7, 7, 10], "texture": "#0"}
			}
		},
		{
			"from": [3, 4, 3],
			"to": [13, 5, 13],
			"rotation": {"angle": 0, "axis": "y", "origin": [0, 4, 0]},
			"faces": {
				"north": {"uv": [0, 10, 2.5, 10.25], "texture": "#0"},
				"east": {"uv": [10, 0, 12.5, 0.25], "texture": "#0"},
				"south": {"uv": [10, 0.25, 12.5, 0.5], "texture": "#0"},
				"west": {"uv": [10, 0.5, 12.5, 0.75], "texture": "#0"},
				"up": {"uv": [10, 2.5, 7.5, 0], "texture": "#0"},
				"down": {"uv": [10, 2.5, 7.5, 5], "texture": "#0"}
			}
		}
	]
}