{
	"format_version": "1.8.0",
	"animations": {
		"animation.apollo_boss.walk": {
			"animation_length": 2,
			"bones": {
				"leg_left": {
					"rotation": {
						"0.0": {
							"vector": [0, 0, 0]
						},
						"0.5": {
							"vector": [-35, 0, 0]
						},
						"1.0": {
							"vector": [0, 0, 0]
						},
						"1.5": {
							"vector": [30, 0, 0]
						},
						"2.0": {
							"vector": [0, 0, 0]
						}
					},
					"position": {
						"0.0": {
							"vector": [0, 0, 0]
						},
						"0.5": {
							"vector": [0, 3, -12]
						},
						"1.0": {
							"vector": [0, 0, 0]
						},
						"1.5": {
							"vector": [0, 0, 7]
						},
						"2.0": {
							"vector": [0, 0, 0]
						}
					}
				},
				"leg_right": {
					"rotation": {
						"0.0": {
							"vector": [0, 0, 0]
						},
						"0.5": {
							"vector": [30, 0, 0]
						},
						"1.0": {
							"vector": [0, 0, 0]
						},
						"1.5": {
							"vector": [-30, 0, 0]
						},
						"2.0": {
							"vector": [0, 0, 0]
						}
					},
					"position": {
						"0.0": {
							"vector": [0, 0, 0]
						},
						"0.5": {
							"vector": [0, 0, 6]
						},
						"1.0": {
							"vector": [0, 0, 0]
						},
						"1.5": {
							"vector": [0, 0, -8]
						},
						"2.0": {
							"vector": [0, 0, 0]
						}
					}
				},
				"arm": {
					"rotation": {
						"0.0": {
							"vector": [0, 0, 0]
						},
						"0.5": {
							"vector": [-45, 0, 0]
						},
						"1.0": {
							"vector": [0, 0, 0]
						},
						"1.5": {
							"vector": [25, 0, 0]
						},
						"2.0": {
							"vector": [0, 0, 0]
						}
					},
					"position": {
						"0.0": {
							"vector": [0, 0, 0]
						},
						"0.5": {
							"vector": [0, 15, -31]
						},
						"1.0": {
							"vector": [0, 0, 0]
						},
						"1.5": {
							"vector": [0, 3, 17]
						},
						"2.0": {
							"vector": [0, 0, 0]
						}
					}
				},
				"arm2": {
					"rotation": {
						"0.0": {
							"vector": [0, 0, 0]
						},
						"0.5": {
							"vector": [27.5, 0, 0]
						},
						"1.0": {
							"vector": [0, 0, 0]
						},
						"1.5": {
							"vector": [-27.5, 0, 0]
						},
						"2.0": {
							"vector": [0, 0, 0]
						}
					},
					"position": {
						"0.0": {
							"vector": [0, 0, 0]
						},
						"0.5": {
							"vector": [0, 4, 19]
						},
						"1.0": {
							"vector": [0, 0, 0]
						},
						"1.5": {
							"vector": [0, 6, -21]
						},
						"2.0": {
							"vector": [0, 0, 0]
						}
					}
				}
			}
		},
		"animation.apollo_boss.attack": {
			"animation_length": 1,
			"bones": {
				"arm": {
					"rotation": {
						"0.0": {
							"vector": [0, 0, 0]
						},
						"0.5": {
							"vector": [-151.79133, -21.63471, 7.00269]
						},
						"1.0": {
							"vector": [0, 0, 0]
						}
					},
					"position": {
						"0.0": {
							"vector": [0, 0, 0]
						},
						"0.125": {
							"vector": [3.75, 10.85, -24.26],
							"easing": "step"
						},
						"0.1667": {
							"vector": [5, 18.46, -32.34]
						},
						"0.2083": {
							"vector": [6.25, 26.08, -40.42]
						},
						"0.2917": {
							"vector": [8.75, 45.49, -44.01]
						},
						"0.5": {
							"vector": [15, 89, -25]
						},
						"0.7083": {
							"vector": [8.75, 47.92, -42.58]
						},
						"0.7917": {
							"vector": [6.25, 28.08, -37.91]
						},
						"0.875": {
							"vector": [3.75, 12.25, -27.25]
						},
						"1.0": {
							"vector": [0, 0, 0]
						}
					}
				},
				"arm2": {
					"rotation": {
						"0.0": {
							"vector": [0, 0, 0]
						},
						"0.5": {
							"vector": [-135.93148, 19.90349, -1.87626]
						},
						"1.0": {
							"vector": [0, 0, 0]
						}
					},
					"position": {
						"0.0": {
							"vector": [0, 0, 0]
						},
						"0.125": {
							"vector": [-3.5, 8.5, -22.8]
						},
						"0.1667": {
							"vector": [-4.66, 14, -30.4]
						},
						"0.2083": {
							"vector": [-5.83, 20.75, -38]
						},
						"0.2917": {
							"vector": [-8.16, 40.11, -44.43]
						},
						"0.5": {
							"vector": [-14, 81, -36]
						},
						"0.7083": {
							"vector": [-8.17, 39.25, -45]
						},
						"0.7917": {
							"vector": [-5.83, 24.03, -38.14]
						},
						"0.875": {
							"vector": [-3.5, 8.82, -25.29]
						},
						"1.0": {
							"vector": [0, 0, 0]
						}
					}
				}
			}
		},
		"animation.apollo_boss.eat": {
			"animation_length": 1.5,
			"bones": {
				"arm2": {
					"rotation": {
						"0.0": {
							"vector": [0, 0, 0]
						},
						"0.5": {
							"vector": [-69.55418, -11.73507, -4.3361]
						},
						"0.75": {
							"vector": [-89.55418, -11.73507, -4.3361]
						},
						"1.0": {
							"vector": [-62.05418, -11.73507, -4.3361]
						},
						"1.25": {
							"vector": [-107.05418, -11.73507, -4.3361]
						},
						"1.5": {
							"vector": [-69.55418, -11.73507, -4.3361]
						}
					},
					"position": {
						"0.0": {
							"vector": [0, 0, 0]
						},
						"0.25": {
							"vector": [4, 11.5, -24.5]
						},
						"0.5": {
							"vector": [8, 35, -37]
						},
						"0.75": {
							"vector": [8, 50, -37]
						},
						"1.0": {
							"vector": [8, 28, -37]
						},
						"1.25": {
							"vector": [8, 63, -37]
						},
						"1.5": {
							"vector": [8, 33, -37]
						}
					}
				}
			}
		},
		"animation.apollo_boss.beam": {
			"animation_length": 1.5,
			"bones": {
				"hat": {
					"rotation": {
						"0.0": {
							"vector": [0, 0, 0]
						},
						"0.75": {
							"vector": [-5, 0, 0]
						}
					},
					"position": {
						"0.0": {
							"vector": [0, 0, 0]
						},
						"0.75": {
							"vector": [0, 0, -4]
						}
					}
				},
				"head": {
					"rotation": {
						"0.0": {
							"vector": [0, 0, 0]
						},
						"0.75": {
							"vector": [-5, 0, 0]
						}
					},
					"position": {
						"0.0": {
							"vector": [0, 0, 0]
						},
						"0.75": {
							"vector": [0, 0, -6]
						}
					}
				},
				"arm": {
					"rotation": {
						"0.0": {
							"vector": [0, 0, 0]
						},
						"0.75": {
							"vector": [-30, -37.5, -97.5]
						}
					},
					"position": {
						"0.0": {
							"vector": [0, 0, 0]
						},
						"0.3333": {
							"vector": [39, 1.33, -12.44]
						},
						"0.5417": {
							"vector": [60, 21.67, -25.22]
						},
						"0.75": {
							"vector": [63, 48, -28]
						}
					}
				},
				"arm2": {
					"rotation": {
						"0.0": {
							"vector": [0, 0, 0]
						},
						"0.75": {
							"vector": [-50, 60, 72.5]
						}
					},
					"position": {
						"0.0": {
							"vector": [0, 0, 0]
						},
						"0.3333": {
							"vector": [-32.44, 4.22, -27.56]
						},
						"0.5417": {
							"vector": [-53.72, 26.61, -31.28]
						},
						"0.75": {
							"vector": [-55, 59, -35]
						}
					}
				}
			}
		},
		"animation.apollo_boss.idle": {
			"animation_length": 2,
			"bones": {
				"hat": {
					"position": {
						"0.0": {
							"vector": [0, 0, 0]
						},
						"1.0": {
							"vector": [0, 1, 0]
						},
						"2.0": {
							"vector": [0, 0, 0]
						}
					}
				},
				"head": {
					"position": {
						"0.0": {
							"vector": [0, 0, 0]
						},
						"1.0": {
							"vector": [0, 1, 0]
						},
						"2.0": {
							"vector": [0, 0, 0]
						}
					}
				},
				"body": {
					"position": {
						"0.0": {
							"vector": [0, 0, 0]
						},
						"1.0": {
							"vector": [0, 1, 0]
						},
						"2.0": {
							"vector": [0, 0, 0]
						}
					}
				},
				"joint": {
					"position": {
						"0.0": {
							"vector": [0, 0, 0]
						},
						"1.0": {
							"vector": [0, 1, 0]
						},
						"2.0": {
							"vector": [0, 0, 0]
						}
					}
				},
				"arm": {
					"position": {
						"0.0": {
							"vector": [0, 0, 0]
						},
						"1.0": {
							"vector": [0, 1, 0]
						},
						"2.0": {
							"vector": [0, 0, 0]
						}
					}
				},
				"joint2": {
					"position": {
						"0.0": {
							"vector": [0, 0, 0]
						},
						"1.0": {
							"vector": [0, 1, 0]
						},
						"2.0": {
							"vector": [0, 0, 0]
						}
					}
				},
				"arm2": {
					"position": {
						"0.0": {
							"vector": [0, 0, 0]
						},
						"1.0": {
							"vector": [0, 1, 0]
						},
						"2.0": {
							"vector": [0, 0, 0]
						}
					}
				}
			}
		}
	},
	"geckolib_format_version": 2
}