{
	"format_version": "1.8.0",
	"animations": {
		"animation.christmas_tree.flap_leaves": {
			"loop": true,
			"animation_length": 2,
			"bones": {
				"topleaf": {
					"rotation": {
						"0.0": {
							"vector": [0, 0, 0]
						},
						"0.25": {
							"vector": [0, 1, 0]
						},
						"0.5": {
							"vector": [0, 0, 0]
						},
						"0.75": {
							"vector": [0, 1, 0]
						},
						"1.0": {
							"vector": [0, 0, 0]
						},
						"1.25": {
							"vector": [0, 1, 0]
						},
						"1.5": {
							"vector": [0, 0, 0]
						},
						"1.75": {
							"vector": [0, 1, 0]
						},
						"2.0": {
							"vector": [0, 0, 0]
						}
					},
					"position": {
						"0.0": {
							"vector": [0, 0, 0]
						},
						"1.0": {
							"vector": [0, 1.01, 0]
						},
						"2.0": {
							"vector": [0, 0, 0]
						}
					},
					"scale": {
						"0.0": {
							"vector": [1, 1, 1]
						},
						"1.0": {
							"vector": [1.05, 1.05, 1.05],
							"easing": "easeInQuad"
						},
						"2.0": {
							"vector": [1, 1, 1]
						}
					}
				},
				"midLeaf1": {
					"rotation": {
						"0.0": {
							"vector": [0, 0, 0]
						},
						"0.25": {
							"vector": [0, 0, 1]
						},
						"0.5": {
							"vector": [0, 0, 0]
						},
						"0.75": {
							"vector": [0, 0, -1]
						},
						"1.0": {
							"vector": [0, 0, 0]
						},
						"1.25": {
							"vector": [1, 0, 0]
						},
						"1.5": {
							"vector": [0, 0, 0]
						},
						"1.75": {
							"vector": [-1, 0, 0]
						},
						"2.0": {
							"vector": [0, 0, 0]
						}
					},
					"position": {
						"0.0": {
							"vector": [0, 0, 0]
						},
						"1.0": {
							"vector": [0, 1, 0]
						},
						"2.0": {
							"vector": [0, 0, 0]
						}
					},
					"scale": {
						"0.0": {
							"vector": [1, 1, 1]
						},
						"1.0": {
							"vector": [1.01, 1.01, 1.01],
							"easing": "easeInSine"
						},
						"2.0": {
							"vector": [1, 1, 1]
						}
					}
				},
				"midLeaf2": {
					"rotation": {
						"0.0": {
							"vector": [0, 0, 0]
						},
						"0.6667": {
							"vector": [1, 0, 1]
						},
						"1.4167": {
							"vector": [-1, 0, -1]
						},
						"2.0": {
							"vector": [0, 0, 0]
						}
					},
					"position": {
						"0.0": {
							"vector": [0, 0, 0]
						},
						"1.0": {
							"vector": [0, 0.7, 0],
							"easing": "easeInSine"
						},
						"2.0": {
							"vector": [0, 0, 0]
						}
					},
					"scale": {
						"0.0": {
							"vector": [1, 1, 1]
						},
						"1.0": {
							"vector": [1.03, 1.03, 1.03],
							"easing": "easeInElastic"
						},
						"2.0": {
							"vector": [1, 1, 1]
						}
					}
				},
				"midLeaf3": {
					"rotation": {
						"0.0": {
							"vector": [1, 0, 0]
						},
						"1.0": {
							"vector": [-1, 0, 0]
						},
						"2.0": {
							"vector": [1, 0, 0]
						}
					},
					"scale": {
						"0.0": {
							"vector": [1, 1, 1]
						},
						"1.0": {
							"vector": [1.02, 1.02, 1.02]
						},
						"2.0": {
							"vector": [1, 1, 1]
						}
					}
				},
				"bottomLeaf": {
					"scale": {
						"0.0": {
							"vector": [1, 1, 1]
						},
						"1.0": {
							"vector": [1.05, 1.05, 1.05]
						},
						"2.0": {
							"vector": [1, 1, 1]
						}
					}
				}
			},
			"particle_effects": {}
		},
		"animation.christmas_tree.sway_leaves": {
			"loop": true,
			"animation_length": 2.5,
			"bones": {
				"topleaf": {
					"rotation": {
						"0.0": {
							"vector": [0, 0, 0]
						},
						"1.25": {
							"vector": [1.2, 1.2, 0]
						},
						"2.5": {
							"vector": [0, 0, 0]
						}
					}
				},
				"midLeaf1": {
					"rotation": {
						"0.0": {
							"vector": [0, 0, 0]
						},
						"1.25": {
							"vector": [1.3, 1.3, 0]
						},
						"2.5": {
							"vector": [0, 0, 0]
						}
					}
				},
				"midLeaf2": {
					"rotation": {
						"0.0": {
							"vector": [0, 0, 0]
						},
						"1.25": {
							"vector": [1.6, 1.6, 0]
						},
						"2.5": {
							"vector": [0, 0, 0]
						}
					}
				},
				"midLeaf3": {
					"rotation": {
						"0.0": {
							"vector": [0, 0, 0]
						},
						"1.25": {
							"vector": [1.5, 1.5, 0]
						},
						"2.5": {
							"vector": [0, 0, 0]
						}
					}
				},
				"bottomLeaf": {
					"rotation": {
						"0.0": {
							"vector": [0, 0, 0]
						},
						"1.25": {
							"vector": [1.5, 1.5, 0]
						},
						"2.5": {
							"vector": [0, 0, 0]
						}
					}
				}
			}
		}
	},
	"geckolib_format_version": 2
}